,person1,person2,Anniversary
0,Angela Santana,Paul George,spouse
1,Melanie Farmer,Dr. Laura Anderson,spouse
2,Beverly Hodges,Dawn Crawford,spouse
3,Jennifer Jones,Mark Knox,spouse
4,Lindsay Brown,David Haas,spouse
5,Donna Wilson,Justin Curtis,spouse
6,Candace Santiago,Michael Brown,spouse
7,George Brown DVM,Susan Lewis,spouse
8,John Hoffman MD,Timothy Scott,spouse
9,Roberto Hardin,Noah Zhang,spouse
10,Scott Harris,Stephen Banks,spouse
11,Mary Harris,Patricia Soto,spouse
12,Alexandra Stone,Janet Perez,spouse
13,George Brown DVM,Kyle Henderson,spouse
14,Samantha Frey,Brittany Clark,spouse
15,Michael Brown,Jared Mendez,spouse
16,Erica Phillips,Valerie Peterson,spouse
17,Cody Cook,Briana Hayes,spouse
18,Debra Scott,Ryan Reynolds,spouse
19,Dana Martinez,Reginald Benitez,spouse
20,Maxwell Thornton,Scott Blankenship,spouse
21,Sheryl Arnold,Mark Knight,spouse
22,Shannon Cain,Ryan Reynolds,spouse
23,Gregory Shea,Brandon Brewer,spouse
24,Brian Bowers,Dana Martinez,spouse
25,Brandon Brewer,Robert Reilly,spouse
26,Scott Harris,Mary Harris,spouse
27,Mark Knox,Andrea Ross,spouse
28,Terry Galvan,Oscar Bishop,spouse
29,Julie Underwood,Briana Hayes,spouse
30,James Cooper,Janet Perez,spouse
31,William Hines,Caroline Navarro,spouse
32,Kyle Henderson,Susan Lewis,spouse
33,Alexander Hawkins,Kyle Lawrence,spouse
34,Jose Maldonado,Cody Cook,spouse
35,Travis Miller,William Andrews,spouse
36,Scott Harris,Amy Jordan,spouse
37,Johnny Patel,Cody Cook,spouse
